{"0": [0.30361126208777883, "300533.SZ", 459], "1": [0.15269409246479068, "002044.SZ", 1105]}